{"cameraMode":{"drawMode":0,"name":"Shaded","section":"Shading Mode"},"sceneLighting":false,"audioPlay":false,"sceneViewState":{"showFog":true,"showMaterialUpdate":true,"showSkybox":true,"showFlares":true,"showImageEffects":true,"showParticleSystems":true},"in2DMode":false,"pivot":{"x":0.9514454007148743,"y":5.682658672332764,"z":-1.6166472434997559},"rotation":{"x":-0.21517686545848847,"y":-0.014648078940808773,"z":0.0032276930287480356,"w":-0.9764599204063416},"size":10.131256103515625,"orthographic":false}